{
  "active_reaction_seconds": 2.472937744,
  "active_transition_approximate": true,
  "arrival_rate_relative_error": 4.9551362722555226e-05,
  "block": 1,
  "busy_period_seconds": 14.010224874,
  "cell_id": "cooldown-60s",
  "cluster_id": "c1c5437d0c5264255926d4a28f8c67c20",
  "cold_start_seconds": 3.404920642,
  "configured_lambda_per_second": 1.0,
  "cooldown_seconds": 60,
  "cooldown_timing_approximate": true,
  "first_message_processed_seconds": 4.591973287,
  "hpa_reaction_seconds": 7.500405506,
  "inactive_transition_approximate": true,
  "keda_sample_count": 50,
  "message_count": 12,
  "observed_lambda_per_second": 0.9999504486372774,
  "observed_scale_to_zero_seconds": 55.027635825,
  "predicted_elasticity": 1.0,
  "queue_sample_count": 29,
  "result": "PASS",
  "run_id": "01KY9C1A179448PT1ETR7J576N",
  "sequence": 1,
  "times_ns": {
    "busy_end": 1784873551605304232,
    "busy_start": 1784873537595079358,
    "first_enqueue": 1784873537595079358,
    "first_hpa_positive_desired": 1784873545095484864,
    "first_keda_active": 1784873540068017102,
    "first_message_processed": 1784873542187052645,
    "first_worker_ready": 1784873541000000000,
    "keda_inactive": 1784873550060355409,
    "scale_to_zero": 1784873605087991234
  },
  "worker_pod_count": 4
}
