{
  "active_reaction_seconds": 2.419232154,
  "active_transition_approximate": true,
  "arrival_rate_relative_error": 6.361204415950006e-05,
  "block": 1,
  "busy_period_seconds": 14.010809787,
  "cell_id": "cooldown-300s",
  "cluster_id": "c1c5437d0c5264255926d4a28f8c67c20",
  "cold_start_seconds": 2.84825797,
  "configured_lambda_per_second": 1.0,
  "cooldown_seconds": 300,
  "cooldown_timing_approximate": true,
  "first_message_processed_seconds": 4.545093439,
  "hpa_reaction_seconds": 7.445116407,
  "inactive_transition_approximate": true,
  "keda_sample_count": 212,
  "message_count": 12,
  "observed_lambda_per_second": 0.9999363879558405,
  "observed_scale_to_zero_seconds": 295.032089882,
  "predicted_elasticity": 1.0,
  "queue_sample_count": 29,
  "result": "PASS",
  "run_id": "01KY9C4MZXFRV4R5E2REKWP192",
  "sequence": 2,
  "times_ns": {
    "busy_end": 1784873661162551817,
    "busy_start": 1784873647151742030,
    "first_enqueue": 1784873647151742030,
    "first_hpa_positive_desired": 1784873654596858437,
    "first_keda_active": 1784873649570974184,
    "first_message_processed": 1784873651696835469,
    "first_worker_ready": 1784873650000000000,
    "keda_inactive": 1784873659561922459,
    "scale_to_zero": 1784873954594012341
  },
  "worker_pod_count": 4
}
