{
  "run_id": "01KXZ4ASN0JVS7A6RYK6W41FBZ",
  "trace_count": 3,
  "complete_count": 3,
  "layer_scores": {
    "app": 0.7165313105737893,
    "pod": 1
  },
  "total_elasticity": 0.7165313105737893,
  "bottleneck": "app"
}
